day_of_week,total_revenue
Friday,20966.90000000001
Tuesday,20349.220000000005
Wednesday,19616.49
Saturday,19072.480000000007
Sunday,18798.92999999999
Thursday,16692.700000000004
Monday,16046.599999999999
