age_group,revenue
18-25,34042.2
26-35,23269.370000000003
36-50,41040.259999999995
50+,29127.259999999987
