day,no_of_orders,revenue
Friday,84,21037.34
Monday,69,15849.190000000004
Saturday,66,17656.89
Sunday,71,17745.139999999996
Thursday,66,15400.050000000003
Tuesday,74,20984.079999999994
Wednesday,70,18806.400000000005
